session;TPR;TNR;FPR;FNR;F1
1;0.8125;0.649122807;0.350877193;0.1875;0.6888
2;0.617021277;0.643835616;0.356164384;0.382978723;0.6393
3;0.694444444;0.68627451;0.31372549;0.305555556;0.7216